gun,pap,cadence,perks,seed,round,dog,count,hp_each,total_hp,max_alive,spawn_interval,walk,run,sprint,time_to_clear_s,shots,hits,kills,reload_s,hp_per_s,points,drops,refills,damage_taken,hp_bars,contact_frac,contact_zsec,peak_alive,first_contact_s
mp40,0,fixed,,20260729,1,0,6,150,900,24,1.379,6,0,0,8.92,13,10,6,6.95,100.9,560,0,0,0,0.0,0.000,0.0,2,-1.00
mp40,0,fixed,,20260729,2,0,10,250,2500,24,1.375,10,0,0,16.20,35,25,10,13.90,154.3,950,1,0,0,0.0,0.000,0.0,2,-1.00
mp40,0,fixed,,20260729,3,0,14,350,4900,24,1.323,14,0,0,20.33,60,47,14,16.22,241.0,1410,1,0,0,0.0,0.000,0.0,3,-1.00
mp40,0,fixed,,20260729,4,0,18,450,8100,24,1.324,18,0,0,25.00,93,78,18,18.53,324.0,1920,2,0,0,0.0,0.000,0.0,3,-1.00
mp40,0,fixed,,20260729,5,1,9,550,3069,8,0.700,6,3,0,7.47,37,28,9,4.63,411.0,1050,0,0,0,0.0,0.000,0.0,3,-1.00
mp40,0,fixed,,20260729,6,0,27,650,17290,24,1.197,18,9,0,35.20,203,161,27,20.85,491.2,3360,1,0,0,0.0,0.005,0.2,4,26.23
mp40,0,fixed,,20260729,7,0,31,750,22200,24,1.129,17,14,0,42.45,268,204,31,23.17,523.0,4150,4,0,840,8.4,0.230,15.1,7,29.17
mp40,0,fixed,,20260729,8,0,36,850,30090,24,1.113,26,10,0,53.20,354,274,36,27.80,565.6,5180,3,1,6000,60.0,0.595,100.4,9,18.55
mp40,0,fixed,,20260729,9,0,41,950,38000,24,1.093,15,26,0,67.03,455,347,41,34.75,566.9,6160,2,1,17280,172.8,0.744,299.5,15,14.68
mp40,0,fixed,,20260729,10,1,14,1045,9071,8,0.441,2,10,2,17.32,111,85,14,9.27,523.8,1750,1,0,1980,19.8,0.700,46.8,8,5.20
mp40,0,fixed,,20260729,11,0,51,1150,58420,24,0.969,13,31,7,99.48,688,536,51,50.97,587.2,8630,2,2,61080,610.8,0.932,1073.0,24,6.25
mp40,0,fixed,,20260729,12,0,56,1265,69575,24,0.951,18,32,6,120.83,833,634,56,62.55,575.8,9900,4,3,89640,896.4,0.931,1583.0,24,6.18
mp40,0,fixed,,20260729,13,0,61,1392,82963,24,0.879,5,36,20,140.73,983,751,61,71.82,589.5,11480,3,3,118740,1187.4,0.964,2099.2,24,5.05
mp40,0,fixed,,20260729,14,0,67,1531,100127,24,0.857,11,29,27,160.80,1108,888,67,83.40,622.7,13110,4,4,143760,1437.6,0.958,2536.3,24,4.15
mp40,0,fixed,,20260729,15,1,18,1684,18793,8,0.218,0,11,7,31.88,223,169,18,16.22,589.4,2870,1,0,7128,71.3,0.922,168.3,8,2.48
mp40,0,fixed,,20260729,16,0,78,1852,141122,24,0.750,8,33,37,228.18,1593,1272,78,118.15,618.5,17780,3,6,234420,2344.2,0.978,4125.8,24,2.97
mp40,0,fixed,,20260729,17,0,83,2037,167034,24,0.715,0,27,56,276.55,1933,1497,83,143.63,604.0,20200,3,7,298980,2989.8,0.985,5257.3,24,4.22
mp40,0,fixed,,20260729,18,0,89,2241,195863,24,0.669,0,35,54,320.03,2265,1745,89,164.48,612.0,23180,4,8,354660,3546.6,0.990,6239.3,24,3.23
mp40,0,fixed,,20260729,19,1,21,2465,32094,8,0.199,0,6,15,55.57,367,287,21,30.12,577.6,4240,1,1,13644,136.4,0.957,325.6,8,2.40
mp40,0,fixed,,20260729,20,0,101,2712,271742,24,0.609,0,36,65,436.10,3091,2410,101,224.72,623.1,30870,2,11,503880,5038.8,0.993,8886.0,24,3.20
mp40,0,fixed,,20260729,21,0,107,2983,312618,24,0.537,0,24,83,494.33,3509,2765,107,254.83,632.4,34520,4,13,575520,5755.2,0.994,10164.5,24,3.10
mp40,0,fixed,,20260729,22,0,113,3281,360910,24,0.487,0,24,89,585.27,4141,3198,113,303.48,616.7,39310,4,16,688740,6887.4,0.994,12166.9,24,3.53
mp40,0,fixed,,20260729,23,1,25,3609,55940,8,0.210,0,2,23,89.57,630,494,25,46.33,624.6,6510,0,2,24084,240.8,0.971,573.6,8,2.58
mp40,0,fixed,,20260729,24,0,125,3970,486722,24,0.405,0,29,96,781.43,5551,4326,125,405.42,622.9,50870,4,21,939420,9394.2,0.996,16621.1,24,3.17
mp40,0,fixed,,20260729,25,0,131,4367,561596,24,0.367,0,25,106,893.67,6364,4970,131,463.33,628.4,58450,4,24,1081260,10812.6,0.996,19146.7,24,3.32
mp40,0,legacy,,20260729,1,0,6,150,900,24,1.379,6,0,0,9.00,13,10,6,6.95,100.0,560,0,0,0,0.0,0.000,0.0,2,-1.00
mp40,0,legacy,,20260729,2,0,10,250,2500,24,1.375,10,0,0,14.33,35,25,10,11.58,174.4,950,1,0,0,0.0,0.000,0.0,2,-1.00
mp40,0,legacy,,20260729,3,0,14,350,4900,24,1.323,14,0,0,18.80,60,47,14,13.90,260.6,1410,1,0,0,0.0,0.000,0.0,3,-1.00
mp40,0,legacy,,20260729,4,0,18,450,8100,24,1.324,18,0,0,26.12,93,78,18,18.53,310.1,1920,2,0,0,0.0,0.000,0.0,3,-1.00
mp40,0,legacy,,20260729,5,1,9,550,3069,8,0.700,6,3,0,7.90,37,28,9,4.63,388.5,1050,0,0,0,0.0,0.000,0.0,4,-1.00
mp40,0,legacy,,20260729,6,0,27,650,17290,24,1.197,18,9,0,35.93,203,161,27,18.53,481.2,3360,1,0,0,0.0,0.000,0.0,4,-1.00
mp40,0,legacy,,20260729,7,0,31,750,22200,24,1.129,17,14,0,43.58,265,201,31,20.85,509.4,4040,4,0,1860,18.6,0.318,30.6,7,11.27
mp40,0,legacy,,20260729,8,0,36,850,30090,24,1.113,26,10,0,57.80,350,271,36,27.80,520.6,4910,3,1,8520,85.2,0.637,145.2,11,18.55
mp40,0,legacy,,20260729,9,0,41,950,38000,24,1.093,15,26,0,73.15,452,346,41,34.75,519.5,5990,2,1,22920,229.2,0.792,404.0,17,7.62
mp40,0,legacy,,20260729,10,1,14,1045,9071,8,0.441,2,10,2,18.75,110,83,14,9.27,483.8,1770,0,0,2376,23.8,0.723,55.4,8,5.20
mp40,0,legacy,,20260729,11,0,51,1150,58420,24,0.969,13,31,7,108.78,685,534,51,50.97,537.0,8650,3,2,72480,724.8,0.943,1278.2,24,6.25
mp40,0,legacy,,20260729,12,0,56,1265,69575,24,0.951,18,32,6,132.72,833,634,56,62.55,524.2,9740,4,3,103260,1032.6,0.947,1828.4,24,6.18
mp40,0,legacy,,20260729,13,0,61,1392,82963,24,0.879,5,36,20,156.58,983,749,61,74.13,529.8,11580,3,3,136740,1367.4,0.967,2412.8,24,5.12
mp40,0,legacy,,20260729,14,0,67,1531,100127,24,0.857,11,29,27,175.85,1103,887,67,83.40,569.4,13140,4,4,160680,1606.8,0.968,2833.2,24,4.15
mp40,0,legacy,,20260729,15,1,18,1684,18793,8,0.218,0,11,7,37.58,227,170,18,18.53,500.0,2800,1,0,8028,80.3,0.934,191.3,8,2.48
mp40,0,legacy,,20260729,16,0,78,1852,141122,24,0.750,8,33,37,248.47,1590,1269,78,115.83,568.0,17630,4,6,257160,2571.6,0.979,4521.9,24,2.97
mp40,0,legacy,,20260729,17,0,83,2037,167034,24,0.715,0,27,56,300.78,1919,1492,83,141.32,555.3,20310,3,7,329820,3298.2,0.986,5799.8,24,3.97
mp40,0,legacy,,20260729,18,0,89,2241,195863,24,0.669,0,35,54,355.35,2275,1746,89,166.80,551.2,23150,4,8,396540,3965.4,0.991,6985.2,24,3.23
mp40,0,legacy,,20260729,19,1,21,2465,32094,8,0.199,0,6,15,60.53,365,290,21,30.12,530.2,4350,1,1,15120,151.2,0.960,359.1,8,2.40
mp40,0,legacy,,20260729,20,0,101,2712,271742,24,0.609,0,36,65,479.83,3088,2405,101,224.72,566.3,30740,2,11,555720,5557.2,0.993,9810.6,24,3.20
mp40,0,legacy,,20260729,21,0,107,2983,312618,24,0.537,0,24,83,546.95,3513,2767,107,257.15,571.6,34620,4,13,639660,6396.6,0.994,11295.6,24,3.10
mp40,0,legacy,,20260729,22,0,113,3281,360910,24,0.487,0,24,89,644.78,4144,3204,113,303.48,559.7,39690,4,16,761760,7617.6,0.995,13463.5,24,3.53
mp40,0,legacy,,20260729,23,1,25,3609,55940,8,0.210,0,2,23,98.90,635,497,25,46.33,565.6,6820,0,2,26928,269.3,0.974,642.6,8,2.58
mp40,0,legacy,,20260729,24,0,125,3970,486722,24,0.405,0,29,96,861.20,5552,4327,125,405.42,565.2,51360,4,21,1038000,10380.0,0.996,18372.1,24,3.17
mp40,0,legacy,,20260729,25,0,131,4367,561596,24,0.367,0,25,106,982.02,6352,4962,131,461.02,571.9,58130,4,24,1192740,11927.4,0.997,21127.0,24,3.32
ak74u,0,fixed,,20260729,1,0,6,150,900,24,1.379,6,0,0,9.65,13,10,6,7.55,93.3,560,0,0,0,0.0,0.000,0.0,2,-1.00
ak74u,0,fixed,,20260729,2,0,10,250,2500,24,1.375,10,0,0,15.00,30,20,10,12.58,166.7,860,1,0,0,0.0,0.000,0.0,2,-1.00
ak74u,0,fixed,,20260729,3,0,14,350,4900,24,1.323,14,0,0,19.10,48,41,14,15.10,256.5,1350,1,0,0,0.0,0.000,0.0,2,-1.00
ak74u,0,fixed,,20260729,4,0,18,450,8100,24,1.324,18,0,0,24.28,79,62,18,17.62,333.6,1720,2,0,0,0.0,0.000,0.0,3,-1.00
ak74u,0,fixed,,20260729,5,1,9,550,3069,8,0.700,6,3,0,7.83,31,27,9,5.03,391.8,760,0,0,0,0.0,0.000,0.0,4,-1.00
ak74u,0,fixed,,20260729,6,0,27,650,17290,24,1.197,18,9,0,33.55,156,123,27,20.13,515.4,3140,1,0,0,0.0,0.000,0.0,3,-1.00
ak74u,0,fixed,,20260729,7,0,31,750,22200,24,1.129,17,14,0,38.52,211,165,31,20.13,576.4,3760,2,0,0,0.0,0.012,0.4,4,17.00
ak74u,0,fixed,,20260729,8,0,36,850,30090,24,1.113,26,10,0,49.22,278,212,36,25.17,611.4,4480,3,0,2160,21.6,0.424,32.6,7,23.17
ak74u,0,fixed,,20260729,9,0,41,950,38000,24,1.093,15,26,0,63.35,353,276,41,32.72,599.8,5570,3,1,11700,117.0,0.759,199.8,12,6.58
ak74u,0,fixed,,20260729,10,1,14,1045,9071,8,0.441,2,10,2,18.22,94,66,14,10.07,497.9,1520,0,0,2124,21.2,0.694,49.4,8,5.57
ak74u,0,fixed,,20260729,11,0,51,1150,58420,24,0.969,13,31,7,93.90,539,415,51,47.82,622.2,7500,2,1,53400,534.0,0.912,938.5,24,6.25
ak74u,0,fixed,,20260729,12,0,56,1265,69575,24,0.951,18,32,6,110.77,648,506,56,55.37,628.1,8700,4,2,75600,756.0,0.929,1332.9,24,6.18
ak74u,0,fixed,,20260729,13,0,61,1392,82963,24,0.879,5,36,20,133.22,767,585,61,67.95,622.8,10020,2,2,110160,1101.6,0.962,1941.2,24,5.12
ak74u,0,fixed,,20260729,14,0,67,1531,100127,24,0.857,11,29,27,159.23,927,709,67,80.53,628.8,11680,4,3,145020,1450.2,0.974,2557.0,24,4.15
ak74u,0,fixed,,20260729,15,1,18,1684,18793,8,0.218,0,11,7,29.33,166,133,18,15.10,640.7,2670,2,0,6012,60.1,0.914,140.8,8,2.48
ak74u,0,fixed,,20260729,16,0,78,1852,141122,24,0.750,8,33,37,209.62,1228,970,78,105.70,673.2,14800,3,4,210840,2108.4,0.974,3712.5,24,2.97
ak74u,0,fixed,,20260729,17,0,83,2037,167034,24,0.715,0,27,56,240.02,1410,1126,83,120.80,695.9,17010,3,5,256320,2563.2,0.983,4509.2,24,3.97
ak74u,0,fixed,,20260729,18,0,89,2241,195863,24,0.669,0,35,54,290.45,1712,1329,89,145.97,674.3,19340,4,6,316560,3165.6,0.989,5564.0,24,3.23
ak74u,0,fixed,,20260729,19,1,21,2465,32094,8,0.199,0,6,15,52.63,295,226,21,27.68,609.8,3510,1,1,12168,121.7,0.954,288.8,8,2.40
ak74u,0,fixed,,20260729,20,0,101,2712,271742,24,0.609,0,36,65,409.32,2421,1869,101,206.37,663.9,24900,2,8,469020,4690.2,0.992,8272.4,24,3.20
ak74u,0,fixed,,20260729,21,0,107,2983,312618,24,0.537,0,24,83,456.30,2711,2104,107,229.02,685.1,28390,4,9,529800,5298.0,0.993,9346.0,24,3.10
ak74u,0,fixed,,20260729,22,0,113,3281,360910,24,0.487,0,24,89,516.60,3075,2422,113,259.22,698.6,31790,4,11,604440,6044.4,0.993,10668.8,24,3.53
ak74u,0,fixed,,20260729,23,1,25,3609,55940,8,0.210,0,2,23,82.65,475,376,25,42.78,676.8,5410,0,1,22248,222.5,0.969,531.2,8,2.58
ak74u,0,fixed,,20260729,24,0,125,3970,486722,24,0.405,0,29,96,718.82,4274,3300,125,362.40,677.1,41130,4,15,858180,8581.8,0.996,15178.8,24,3.17
ak74u,0,fixed,,20260729,25,0,131,4367,561596,24,0.367,0,25,106,812.13,4851,3804,131,407.70,691.5,46750,4,17,981540,9815.4,0.996,17368.4,24,3.32
ak74u,0,legacy,,20260729,1,0,6,150,900,24,1.379,6,0,0,9.72,13,10,6,7.55,92.6,560,0,0,0,0.0,0.000,0.0,2,-1.00
ak74u,0,legacy,,20260729,2,0,10,250,2500,24,1.375,10,0,0,15.25,30,20,10,12.58,163.9,860,1,0,0,0.0,0.000,0.0,2,-1.00
ak74u,0,legacy,,20260729,3,0,14,350,4900,24,1.323,14,0,0,19.57,48,41,14,15.10,250.4,1350,1,0,0,0.0,0.000,0.0,2,-1.00
ak74u,0,legacy,,20260729,4,0,18,450,8100,24,1.324,18,0,0,25.18,79,62,18,17.62,321.6,1720,2,0,0,0.0,0.000,0.0,3,-1.00
ak74u,0,legacy,,20260729,5,1,9,550,3069,8,0.700,6,3,0,8.17,31,27,9,5.03,375.8,760,0,0,0,0.0,0.000,0.0,4,-1.00
ak74u,0,legacy,,20260729,6,0,27,650,17290,24,1.197,18,9,0,33.25,156,123,27,17.62,520.0,3100,1,0,60,0.6,0.012,0.4,3,24.55
ak74u,0,legacy,,20260729,7,0,31,750,22200,24,1.129,17,14,0,41.33,211,165,31,20.13,537.1,3640,3,0,240,2.4,0.109,4.8,6,12.72
ak74u,0,legacy,,20260729,8,0,36,850,30090,24,1.113,26,10,0,53.00,278,212,36,25.17,567.7,4480,3,0,5340,53.4,0.606,84.3,9,8.67
ak74u,0,legacy,,20260729,9,0,41,950,38000,24,1.093,15,26,0,68.17,353,276,41,32.72,557.5,5570,3,1,17280,172.8,0.844,294.1,13,6.58
ak74u,0,legacy,,20260729,10,1,14,1045,9071,8,0.441,2,10,2,19.47,94,66,14,10.07,466.0,1520,0,0,2556,25.6,0.730,57.2,8,5.20
ak74u,0,legacy,,20260729,11,0,51,1150,58420,24,0.969,13,31,7,101.48,539,415,51,47.82,575.7,7500,2,1,63960,639.6,0.927,1125.9,24,6.25
ak74u,0,legacy,,20260729,12,0,56,1265,69575,24,0.951,18,32,6,119.98,648,506,56,55.37,579.9,8740,4,2,87540,875.4,0.947,1543.3,24,6.18
ak74u,0,legacy,,20260729,13,0,61,1392,82963,24,0.879,5,36,20,144.08,767,585,61,67.95,575.8,10020,2,2,123420,1234.2,0.964,2175.7,24,5.12
ak74u,0,legacy,,20260729,14,0,67,1531,100127,24,0.857,11,29,27,172.50,927,709,67,80.53,580.4,11680,4,3,160860,1608.6,0.976,2837.1,24,4.15
ak74u,0,legacy,,20260729,15,1,18,1684,18793,8,0.218,0,11,7,31.63,166,133,18,15.10,594.1,2670,1,0,6624,66.2,0.921,155.4,8,2.48
ak74u,0,legacy,,20260729,16,0,78,1852,141122,24,0.750,8,33,37,227.17,1228,970,78,105.70,621.2,14800,3,4,231840,2318.4,0.977,4082.0,24,2.97
ak74u,0,legacy,,20260729,17,0,83,2037,167034,24,0.715,0,27,56,260.17,1410,1126,83,120.80,642.0,17010,3,5,280800,2808.0,0.985,4930.4,24,3.97
ak74u,0,legacy,,20260729,18,0,89,2241,195863,24,0.669,0,35,54,314.87,1712,1329,89,145.97,622.1,19340,4,6,345840,3458.4,0.990,6077.5,24,3.23
ak74u,0,legacy,,20260729,19,1,21,2465,32094,8,0.199,0,6,15,56.85,295,226,21,27.68,564.5,3510,1,1,13248,132.5,0.958,316.2,8,2.40
ak74u,0,legacy,,20260729,20,0,101,2712,271742,24,0.609,0,36,65,444.23,2421,1869,101,206.37,611.7,24900,2,8,511800,5118.0,0.993,9023.4,24,3.20
ak74u,0,legacy,,20260729,21,0,107,2983,312618,24,0.537,0,24,83,495.47,2711,2104,107,229.02,631.0,28390,4,9,577260,5772.6,0.994,10187.9,24,3.10
ak74u,0,legacy,,20260729,22,0,113,3281,360910,24,0.487,0,24,89,561.13,3075,2422,113,259.22,643.2,31790,4,11,658080,6580.8,0.994,11624.4,24,3.53
ak74u,0,legacy,,20260729,23,1,25,3609,55940,8,0.210,0,2,23,89.42,475,376,25,42.78,625.6,5410,0,1,24300,243.0,0.971,578.0,8,2.58
ak74u,0,legacy,,20260729,24,0,125,3970,486722,24,0.405,0,29,96,781.00,4274,3300,125,362.40,623.2,41130,4,15,934200,9342.0,0.996,16529.8,24,3.17
ak74u,0,legacy,,20260729,25,0,131,4367,561596,24,0.367,0,25,106,882.57,4851,3804,131,407.70,636.3,46750,4,17,1068000,10680.0,0.996,18911.0,24,3.32
m16,0,fixed,,20260729,1,0,6,150,900,24,1.379,6,0,0,9.47,8,6,6,7.85,95.1,520,0,0,0,0.0,0.000,0.0,2,-1.00
m16,0,fixed,,20260729,2,0,10,250,2500,24,1.375,10,0,0,15.17,28,20,10,13.08,164.8,780,1,0,0,0.0,0.000,0.0,2,-1.00
m16,0,fixed,,20260729,3,0,14,350,4900,24,1.323,14,0,0,18.97,42,34,14,15.70,258.3,1320,1,0,0,0.0,0.000,0.0,2,-1.00
m16,0,fixed,,20260729,4,0,18,450,8100,24,1.324,18,0,0,26.10,66,53,18,20.93,310.3,1590,1,0,0,0.0,0.000,0.0,3,-1.00
m16,0,fixed,,20260729,5,1,9,550,3069,8,0.700,6,3,0,7.63,28,22,9,5.23,402.1,910,1,0,0,0.0,0.000,0.0,4,-1.00
m16,0,fixed,,20260729,6,0,27,650,17290,24,1.197,18,9,0,34.88,138,112,27,23.55,495.7,2750,1,0,0,0.0,0.000,0.0,3,-1.00
m16,0,fixed,,20260729,7,0,31,750,22200,24,1.129,17,14,0,35.80,177,140,31,20.93,620.1,3390,3,0,0,0.0,0.000,0.0,4,-1.00
m16,0,fixed,,20260729,8,0,36,850,30090,24,1.113,26,10,0,44.12,243,181,36,23.55,682.1,4290,3,0,120,1.2,0.011,0.5,5,23.17
m16,0,fixed,,20260729,9,0,41,950,38000,24,1.093,15,26,0,54.58,306,238,41,28.78,696.2,4990,2,1,3660,36.6,0.459,58.7,8,13.07
m16,0,fixed,,20260729,10,1,14,1045,9071,8,0.441,2,10,2,14.63,79,60,14,7.85,619.9,1700,1,0,1332,13.3,0.582,30.6,8,6.12
m16,0,fixed,,20260729,11,0,51,1150,58420,24,0.969,13,31,7,79.60,452,348,51,41.87,733.9,6550,2,1,33960,339.6,0.828,592.3,20,7.48
m16,0,fixed,,20260729,12,0,56,1265,69575,24,0.951,18,32,6,98.47,556,426,56,52.33,706.6,7940,4,2,57660,576.6,0.921,1014.4,24,6.18
m16,0,fixed,,20260729,13,0,61,1392,82963,24,0.879,5,36,20,109.27,625,493,61,57.57,759.3,8820,2,2,79260,792.6,0.924,1392.7,24,7.38
m16,0,fixed,,20260729,14,0,67,1531,100127,24,0.857,11,29,27,135.50,788,591,67,70.65,738.9,10340,4,2,116700,1167.0,0.960,2058.0,24,4.15
m16,0,fixed,,20260729,15,1,18,1684,18793,8,0.218,0,11,7,25.15,144,115,18,13.08,747.3,2330,1,0,5076,50.8,0.896,118.5,8,2.48
m16,0,fixed,,20260729,16,0,78,1852,141122,24,0.750,8,33,37,179.88,1046,820,78,94.20,784.5,13340,3,3,177480,1774.8,0.972,3128.5,24,2.97
m16,0,fixed,,20260729,17,0,83,2037,167034,24,0.715,0,27,56,205.95,1205,947,83,107.28,811.0,14820,3,4,217080,2170.8,0.980,3825.3,24,4.22
m16,0,fixed,,20260729,18,0,89,2241,195863,24,0.669,0,35,54,239.92,1404,1131,89,125.60,816.4,16920,4,5,257280,2572.8,0.987,4520.0,24,3.23
m16,0,fixed,,20260729,19,1,21,2465,32094,8,0.199,0,6,15,43.60,245,191,21,23.55,736.1,3200,0,0,9900,99.0,0.945,237.4,8,2.40
m16,0,fixed,,20260729,20,0,101,2712,271742,24,0.609,0,36,65,342.33,2028,1556,101,177.93,793.8,22410,2,7,388860,3888.6,0.991,6842.5,24,3.20
m16,0,fixed,,20260729,21,0,107,2983,312618,24,0.537,0,24,83,386.43,2285,1771,107,201.48,809.0,24700,4,8,449220,4492.2,0.992,7917.0,24,3.10
m16,0,fixed,,20260729,22,0,113,3281,360910,24,0.487,0,24,89,441.10,2611,2025,113,230.27,818.2,27500,4,9,515520,5155.2,0.992,9088.6,24,3.53
m16,0,fixed,,20260729,23,1,25,3609,55940,8,0.210,0,2,23,71.70,400,319,25,39.25,780.2,4880,1,1,18900,189.0,0.964,447.8,8,2.58
m16,0,fixed,,20260729,24,0,125,3970,486722,24,0.405,0,29,96,590.67,3507,2763,125,308.77,824.0,36160,4,12,705180,7051.8,0.995,12462.7,24,3.17
m16,0,fixed,,20260729,25,0,131,4367,561596,24,0.367,0,25,106,692.53,4126,3186,131,361.10,810.9,40410,4,15,836820,8368.2,0.995,14801.7,24,3.32
m16,0,legacy,,20260729,1,0,6,150,900,24,1.379,6,0,0,9.48,8,6,6,7.85,94.9,520,0,0,0,0.0,0.000,0.0,2,-1.00
m16,0,legacy,,20260729,2,0,10,250,2500,24,1.375,10,0,0,15.25,28,20,10,13.08,163.9,780,1,0,0,0.0,0.000,0.0,2,-1.00
m16,0,legacy,,20260729,3,0,14,350,4900,24,1.323,14,0,0,19.10,42,34,14,15.70,256.5,1320,1,0,0,0.0,0.000,0.0,2,-1.00
m16,0,legacy,,20260729,4,0,18,450,8100,24,1.324,18,0,0,26.27,66,53,18,20.93,308.4,1590,1,0,0,0.0,0.000,0.0,3,-1.00
m16,0,legacy,,20260729,5,1,9,550,3069,8,0.700,6,3,0,7.75,28,22,9,5.23,396.0,910,1,0,0,0.0,0.000,0.0,4,-1.00
m16,0,legacy,,20260729,6,0,27,650,17290,24,1.197,18,9,0,35.20,138,112,27,23.55,491.2,2750,1,0,0,0.0,0.000,0.0,3,-1.00
m16,0,legacy,,20260729,7,0,31,750,22200,24,1.129,17,14,0,36.17,177,140,31,20.93,613.8,3390,3,0,0,0.0,0.000,0.0,3,-1.00
m16,0,legacy,,20260729,8,0,36,850,30090,24,1.113,26,10,0,44.70,243,181,36,23.55,673.2,4290,3,0,180,1.8,0.031,1.4,5,23.17
m16,0,legacy,,20260729,9,0,41,950,38000,24,1.093,15,26,0,55.35,306,238,41,28.78,686.5,5070,1,1,4380,43.8,0.520,69.2,9,13.07
m16,0,legacy,,20260729,10,1,14,1045,9071,8,0.441,2,10,2,14.83,79,60,14,7.85,611.5,1700,1,0,1404,14.0,0.588,31.8,8,6.12
m16,0,legacy,,20260729,11,0,51,1150,58420,24,0.969,13,31,7,80.73,452,348,51,41.87,723.6,6550,2,1,35340,353.4,0.834,620.7,21,7.48
m16,0,legacy,,20260729,12,0,56,1265,69575,24,0.951,18,32,6,99.75,554,425,56,52.33,697.5,7930,4,2,60000,600.0,0.926,1052.0,24,6.18
m16,0,legacy,,20260729,13,0,61,1392,82963,24,0.879,5,36,20,111.10,627,494,61,57.57,746.7,8950,2,2,81720,817.2,0.926,1436.7,24,7.38
m16,0,legacy,,20260729,14,0,67,1531,100127,24,0.857,11,29,27,137.43,788,591,67,70.65,728.6,10340,4,2,119160,1191.6,0.961,2100.4,24,4.15
m16,0,legacy,,20260729,15,1,18,1684,18793,8,0.218,0,11,7,25.52,144,115,18,13.08,736.5,2330,1,0,5148,51.5,0.897,120.9,8,2.48
m16,0,legacy,,20260729,16,0,78,1852,141122,24,0.750,8,33,37,182.32,1046,820,78,94.20,774.1,13340,3,3,180660,1806.6,0.973,3180.7,24,2.97
m16,0,legacy,,20260729,17,0,83,2037,167034,24,0.715,0,27,56,208.67,1205,947,83,107.28,800.5,14820,3,4,220320,2203.2,0.980,3882.8,24,4.22
m16,0,legacy,,20260729,18,0,89,2241,195863,24,0.669,0,35,54,243.22,1404,1131,89,125.60,805.3,16920,4,5,261180,2611.8,0.987,4589.5,24,3.23
m16,0,legacy,,20260729,19,1,21,2465,32094,8,0.199,0,6,15,44.22,245,191,21,23.55,725.8,3200,0,0,10152,101.5,0.946,241.6,8,2.40
m16,0,legacy,,20260729,20,0,101,2712,271742,24,0.609,0,36,65,346.75,2028,1556,101,177.93,783.7,22410,2,7,394320,3943.2,0.991,6936.9,24,3.20
m16,0,legacy,,20260729,21,0,107,2983,312618,24,0.537,0,24,83,391.40,2285,1771,107,201.48,798.7,24700,4,8,455400,4554.0,0.992,8024.6,24,3.10
m16,0,legacy,,20260729,22,0,113,3281,360910,24,0.487,0,24,89,446.72,2611,2025,113,230.27,807.9,27500,4,9,522180,5221.8,0.992,9209.5,24,3.53
m16,0,legacy,,20260729,23,1,25,3609,55940,8,0.210,0,2,23,72.57,400,319,25,39.25,770.9,4880,1,1,19116,191.2,0.964,453.8,8,2.58
m16,0,legacy,,20260729,24,0,125,3970,486722,24,0.405,0,29,96,598.08,3507,2763,125,308.77,813.8,36160,4,12,714360,7143.6,0.995,12625.2,24,3.17
m16,0,legacy,,20260729,25,0,131,4367,561596,24,0.367,0,25,106,701.05,4126,3186,131,361.10,801.1,40410,4,15,847920,8479.2,0.995,14990.3,24,3.32
rpk,0,fixed,,20260729,1,0,6,150,900,24,1.379,6,0,0,11.45,13,10,6,9.23,78.6,560,0,0,0,0.0,0.000,0.0,3,-1.00
rpk,0,fixed,,20260729,2,0,10,250,2500,24,1.375,10,0,0,16.50,30,20,10,13.85,151.5,860,1,0,0,0.0,0.000,0.0,3,-1.00
rpk,0,fixed,,20260729,3,0,14,350,4900,24,1.323,14,0,0,22.12,41,34,14,18.47,221.6,1320,1,0,0,0.0,0.000,0.0,4,-1.00
rpk,0,fixed,,20260729,4,0,18,450,8100,24,1.324,18,0,0,25.32,77,63,18,18.47,319.9,1690,2,0,0,0.0,0.000,0.0,4,-1.00
rpk,0,fixed,,20260729,5,1,9,550,3069,8,0.700,6,3,0,7.03,25,20,9,4.62,436.4,930,0,0,108,1.1,0.270,2.2,6,3.12
rpk,0,fixed,,20260729,6,0,27,650,17290,24,1.197,18,9,0,37.23,160,127,27,23.08,464.4,2980,1,0,120,1.2,0.065,2.4,4,4.13
rpk,0,fixed,,20260729,7,0,31,750,22200,24,1.129,17,14,0,35.92,196,153,31,18.47,618.1,3600,3,0,240,2.4,0.100,3.6,5,4.33
rpk,0,fixed,,20260729,8,0,36,850,30090,24,1.113,26,10,0,41.78,261,196,36,18.47,720.1,4280,3,0,300,3.0,0.090,3.7,5,4.15
rpk,0,fixed,,20260729,9,0,41,950,38000,24,1.093,15,26,0,47.87,329,258,41,18.47,793.9,5150,2,0,1020,10.2,0.213,12.8,5,5.65
rpk,0,fixed,,20260729,10,1,14,1045,9071,8,0.441,2,10,2,12.68,89,69,14,4.62,715.2,1630,1,0,1296,13.0,0.661,29.0,8,4.30
rpk,0,fixed,,20260729,11,0,51,1150,58420,24,0.969,13,31,7,78.02,514,392,51,32.32,748.8,6870,2,1,26880,268.8,0.868,467.4,17,4.28
rpk,0,fixed,,20260729,12,0,56,1265,69575,24,0.951,18,32,6,79.32,580,452,56,27.70,877.2,7920,4,1,30900,309.0,0.871,543.1,18,4.22
rpk,0,fixed,,20260729,13,0,61,1392,82963,24,0.879,5,36,20,98.80,699,535,61,36.93,839.7,9480,3,1,68700,687.0,0.914,1207.1,24,5.05
rpk,0,fixed,,20260729,14,0,67,1531,100127,24,0.857,11,29,27,120.62,845,645,67,46.17,830.1,10720,4,2,96960,969.6,0.962,1709.4,24,4.15
rpk,0,fixed,,20260729,15,1,18,1684,18793,8,0.218,0,11,7,23.67,162,123,18,9.23,794.1,2450,1,0,4824,48.2,0.895,112.8,8,2.48
rpk,0,fixed,,20260729,16,0,78,1852,141122,24,0.750,8,33,37,160.35,1145,915,78,60.02,880.1,14370,3,2,150900,1509.0,0.980,2657.9,24,2.97
rpk,0,fixed,,20260729,17,0,83,2037,167034,24,0.715,0,27,56,181.20,1331,1051,83,64.63,921.8,15980,4,3,187620,1876.2,0.978,3306.2,24,3.97
rpk,0,fixed,,20260729,18,0,89,2241,195863,24,0.669,0,35,54,217.10,1587,1241,89,78.48,902.2,18100,4,3,228540,2285.4,0.985,4014.8,24,3.23
rpk,0,fixed,,20260729,19,1,21,2465,32094,8,0.199,0,6,15,36.93,263,211,21,13.85,869.0,3480,0,0,8496,85.0,0.935,203.4,8,2.40
rpk,0,fixed,,20260729,20,0,101,2712,271742,24,0.609,0,36,65,309.82,2291,1747,101,110.80,877.1,24000,2,5,348480,3484.8,0.990,6124.4,24,3.20
rpk,0,fixed,,20260729,21,0,107,2983,312618,24,0.537,0,24,83,339.03,2524,1981,107,120.03,922.1,27000,4,6,390000,3900.0,0.991,6861.2,24,3.10
rpk,0,fixed,,20260729,22,0,113,3281,360910,24,0.487,0,24,89,388.88,2889,2260,113,138.50,928.1,30290,4,7,453660,4536.6,0.991,7984.6,24,3.53
rpk,0,fixed,,20260729,23,1,25,3609,55940,8,0.210,0,2,23,67.88,462,359,25,27.70,824.1,5240,0,1,16920,169.2,0.962,401.7,8,2.58
rpk,0,fixed,,20260729,24,0,125,3970,486722,24,0.405,0,29,96,522.27,3908,3045,125,184.67,931.9,38780,4,9,618180,6181.8,0.994,10917.5,24,3.17
rpk,0,fixed,,20260729,25,0,131,4367,561596,24,0.367,0,25,106,599.95,4491,3509,131,212.37,936.1,43440,4,11,719160,7191.6,0.994,12699.7,24,3.32
rpk,0,legacy,,20260729,1,0,6,150,900,24,1.379,6,0,0,11.53,13,10,6,9.23,78.0,560,0,0,0,0.0,0.000,0.0,3,-1.00
rpk,0,legacy,,20260729,2,0,10,250,2500,24,1.375,10,0,0,16.78,30,20,10,13.85,149.0,860,1,0,0,0.0,0.000,0.0,3,-1.00
rpk,0,legacy,,20260729,3,0,14,350,4900,24,1.323,14,0,0,22.50,41,34,14,18.47,217.8,1320,1,0,0,0.0,0.000,0.0,4,-1.00
rpk,0,legacy,,20260729,4,0,18,450,8100,24,1.324,18,0,0,26.23,77,63,18,18.47,308.8,1690,2,0,0,0.0,0.000,0.0,4,-1.00
rpk,0,legacy,,20260729,5,1,9,550,3069,8,0.700,6,3,0,7.28,25,20,9,4.62,421.4,930,0,0,108,1.1,0.265,2.2,6,3.12
rpk,0,legacy,,20260729,6,0,27,650,17290,24,1.197,18,9,0,34.73,159,126,27,18.47,497.8,3010,1,0,240,2.4,0.083,2.9,5,4.13
rpk,0,legacy,,20260729,7,0,31,750,22200,24,1.129,17,14,0,38.67,197,154,31,18.47,574.1,3650,3,0,240,2.4,0.106,4.1,5,4.33
rpk,0,legacy,,20260729,8,0,36,850,30090,24,1.113,26,10,0,45.23,261,196,36,18.47,665.2,4280,3,0,120,1.2,0.036,1.6,5,4.15
rpk,0,legacy,,20260729,9,0,41,950,38000,24,1.093,15,26,0,52.30,329,258,41,18.47,726.6,5230,3,0,1560,15.6,0.253,24.7,6,5.65
rpk,0,legacy,,20260729,10,1,14,1045,9071,8,0.441,2,10,2,13.85,89,69,14,4.62,654.9,1630,0,0,1584,15.8,0.690,35.7,8,4.30
rpk,0,legacy,,20260729,11,0,51,1150,58420,24,0.969,13,31,7,84.78,514,392,51,32.32,689.1,6870,2,1,36720,367.2,0.893,641.3,21,4.28
rpk,0,legacy,,20260729,12,0,56,1265,69575,24,0.951,18,32,6,87.03,580,452,56,27.70,799.4,7920,4,1,43440,434.4,0.919,758.5,22,4.22
rpk,0,legacy,,20260729,13,0,61,1392,82963,24,0.879,5,36,20,108.13,699,535,61,36.93,767.2,9560,3,1,81840,818.4,0.948,1441.0,24,5.05
rpk,0,legacy,,20260729,14,0,67,1531,100127,24,0.857,11,29,27,132.07,845,645,67,46.17,758.2,10760,4,2,112200,1122.0,0.969,1979.1,24,4.15
rpk,0,legacy,,20260729,15,1,18,1684,18793,8,0.218,0,11,7,25.80,162,123,18,9.23,728.4,2450,1,0,5328,53.3,0.904,126.3,8,2.48
rpk,0,legacy,,20260729,16,0,78,1852,141122,24,0.750,8,33,37,175.95,1145,915,78,60.02,802.1,14410,3,2,169740,1697.4,0.983,2994.7,24,2.97
rpk,0,legacy,,20260729,17,0,83,2037,167034,24,0.715,0,27,56,199.35,1331,1051,83,64.63,837.9,15980,4,3,209880,2098.8,0.980,3693.1,24,3.97
rpk,0,legacy,,20260729,18,0,89,2241,195863,24,0.669,0,35,54,238.72,1587,1241,89,78.48,820.5,18100,4,3,254760,2547.6,0.986,4475.0,24,3.23
rpk,0,legacy,,20260729,19,1,21,2465,32094,8,0.199,0,6,15,40.50,263,211,21,13.85,792.5,3480,0,0,9540,95.4,0.941,227.0,8,2.40
rpk,0,legacy,,20260729,20,0,101,2712,271742,24,0.609,0,36,65,341.30,2291,1747,101,110.80,796.2,24000,2,5,386460,3864.6,0.991,6795.9,24,3.20
rpk,0,legacy,,20260729,21,0,107,2983,312618,24,0.537,0,24,83,373.90,2524,1981,107,120.03,836.1,27000,4,6,432420,4324.2,0.992,7611.7,24,3.10
rpk,0,legacy,,20260729,22,0,113,3281,360910,24,0.487,0,24,89,428.83,2889,2260,113,138.50,841.6,30290,4,7,502200,5022.0,0.992,8849.7,24,3.53
rpk,0,legacy,,20260729,23,1,25,3609,55940,8,0.210,0,2,23,74.20,462,359,25,27.70,753.9,5240,0,1,18720,187.2,0.965,445.1,8,2.58
rpk,0,legacy,,20260729,24,0,125,3970,486722,24,0.405,0,29,96,576.50,3908,3045,125,184.67,844.3,38740,4,9,684960,6849.6,0.995,12095.6,24,3.17
rpk,0,legacy,,20260729,25,0,131,4367,561596,24,0.367,0,25,106,662.23,4491,3509,131,212.37,848.0,43440,4,11,795420,7954.2,0.995,14063.9,24,3.32
pm63,0,fixed,,20260729,1,0,6,150,900,24,1.379,6,0,0,10.37,15,12,6,8.47,86.8,540,0,0,0,0.0,0.000,0.0,2,-1.00
pm63,0,fixed,,20260729,2,0,10,250,2500,24,1.375,10,0,0,15.05,40,29,10,12.70,166.1,950,1,0,0,0.0,0.000,0.0,2,-1.00
pm63,0,fixed,,20260729,3,0,14,350,4900,24,1.323,14,0,0,19.32,74,59,14,14.82,253.7,1490,1,0,0,0.0,0.000,0.0,3,-1.00
pm63,0,fixed,,20260729,4,0,18,450,8100,24,1.324,18,0,0,25.90,113,92,18,19.05,312.7,2100,2,0,0,0.0,0.000,0.0,2,-1.00
pm63,0,fixed,,20260729,5,1,9,550,3069,8,0.700,6,3,0,9.40,47,37,9,6.35,326.5,1020,0,0,36,0.4,0.083,0.8,4,8.62
pm63,0,fixed,,20260729,6,0,27,650,17290,24,1.197,18,9,0,39.30,250,196,27,23.28,439.9,3790,2,1,300,3.0,0.104,4.4,6,8.98
pm63,0,fixed,,20260729,7,0,31,750,22200,24,1.129,17,14,0,49.98,320,244,31,29.63,444.1,4510,3,1,5700,57.0,0.540,95.2,10,9.07
pm63,0,fixed,,20260729,8,0,36,850,30090,24,1.113,26,10,0,62.05,413,319,36,35.98,484.9,5630,3,1,13380,133.8,0.717,232.1,13,16.27
pm63,0,fixed,,20260729,9,0,41,950,38000,24,1.093,15,26,0,81.98,533,409,41,48.68,463.5,6700,3,2,34680,346.8,0.919,604.7,20,5.65
pm63,0,fixed,,20260729,10,1,14,1045,9071,8,0.441,2,10,2,20.93,129,103,14,12.70,433.3,1970,0,0,2952,29.5,0.773,68.4,8,4.75
pm63,0,fixed,,20260729,11,0,51,1150,58420,24,0.969,13,31,7,123.13,827,642,51,71.97,474.4,9570,2,4,91320,913.2,0.953,1612.7,24,5.40
pm63,0,fixed,,20260729,12,0,56,1265,69575,24,0.951,18,32,6,144.72,975,737,56,84.67,480.8,10930,4,4,118980,1189.8,0.965,2104.7,24,5.08
pm63,0,fixed,,20260729,13,0,61,1392,82963,24,0.879,5,36,20,162.98,1104,878,61,95.25,509.0,12910,2,5,147420,1474.2,0.969,2603.6,24,5.05
pm63,0,fixed,,20260729,14,0,67,1531,100127,24,0.857,11,29,27,201.78,1367,1065,67,118.53,496.2,15160,4,6,193200,1932.0,0.979,3404.3,24,4.15
pm63,0,fixed,,20260729,15,1,18,1684,18793,8,0.218,0,11,7,36.12,240,196,18,21.17,520.4,3020,1,1,7776,77.8,0.916,184.8,8,2.48
pm63,0,fixed,,20260729,16,0,78,1852,141122,24,0.750,8,33,37,277.32,1886,1485,78,162.98,508.9,19990,3,9,291240,2912.4,0.980,5124.1,24,2.97
pm63,0,fixed,,20260729,17,0,83,2037,167034,24,0.715,0,27,56,333.38,2297,1751,83,194.73,501.0,22940,4,11,365160,3651.6,0.988,6430.4,24,3.97
pm63,0,fixed,,20260729,18,0,89,2241,195863,24,0.669,0,35,54,375.97,2586,2033,89,220.13,521.0,26180,4,12,419160,4191.6,0.991,7377.5,24,3.23
pm63,0,fixed,,20260729,19,1,21,2465,32094,8,0.199,0,6,15,64.58,434,332,21,38.10,496.9,4810,0,2,16272,162.7,0.963,387.1,8,2.40
pm63,0,fixed,,20260729,20,0,101,2712,271742,24,0.609,0,36,65,521.57,3584,2810,101,306.92,521.0,34910,3,17,603060,6030.6,0.994,10652.2,24,3.20
pm63,0,fixed,,20260729,21,0,107,2983,312618,24,0.537,0,24,83,609.68,4221,3273,107,357.72,512.8,39440,4,20,713880,7138.8,0.995,12613.2,24,3.10
pm63,0,fixed,,20260729,22,0,113,3281,360910,24,0.487,0,24,89,695.88,4818,3778,113,408.52,518.6,44790,4,24,822180,8221.8,0.995,14539.8,24,3.53
pm63,0,fixed,,20260729,23,1,25,3609,55940,8,0.210,0,2,23,111.05,756,584,25,65.62,503.7,7610,1,3,30240,302.4,0.977,723.3,8,2.58
pm63,0,fixed,,20260729,24,0,125,3970,486722,24,0.405,0,29,96,938.63,6501,5060,125,552.45,518.5,58730,4,32,1135680,11356.8,0.997,20116.7,24,3.17
pm63,0,fixed,,20260729,25,0,131,4367,561596,24,0.367,0,25,106,1074.78,7459,5820,131,632.88,522.5,66550,4,37,1307220,13072.2,0.997,23157.3,24,3.32
pm63,0,legacy,,20260729,1,0,6,150,900,24,1.379,6,0,0,10.40,15,12,6,8.47,86.5,540,0,0,0,0.0,0.000,0.0,2,-1.00
pm63,0,legacy,,20260729,2,0,10,250,2500,24,1.375,10,0,0,15.23,40,29,10,12.70,164.1,950,1,0,0,0.0,0.000,0.0,2,-1.00
pm63,0,legacy,,20260729,3,0,14,350,4900,24,1.323,14,0,0,19.75,74,59,14,14.82,248.1,1490,1,0,0,0.0,0.000,0.0,3,-1.00
pm63,0,legacy,,20260729,4,0,18,450,8100,24,1.324,18,0,0,24.60,113,92,18,16.93,329.3,2100,2,0,0,0.0,0.000,0.0,3,-1.00
pm63,0,legacy,,20260729,5,1,9,550,3069,8,0.700,6,3,0,9.68,47,37,9,6.35,316.9,1020,0,0,36,0.4,0.069,0.7,4,8.62
pm63,0,legacy,,20260729,6,0,27,650,17290,24,1.197,18,9,0,40.88,250,196,27,23.28,422.9,3790,2,1,900,9.0,0.262,13.6,7,24.67
pm63,0,legacy,,20260729,7,0,31,750,22200,24,1.129,17,14,0,52.03,320,244,31,29.63,426.6,4510,3,1,7320,73.2,0.631,124.1,11,12.02
pm63,0,legacy,,20260729,8,0,36,850,30090,24,1.113,26,10,0,64.65,413,319,36,35.98,465.4,5630,3,1,16080,160.8,0.746,277.8,15,16.27
pm63,0,legacy,,20260729,9,0,41,950,38000,24,1.093,15,26,0,85.30,533,409,41,48.68,445.5,6700,3,2,38340,383.4,0.928,674.8,20,5.65
pm63,0,legacy,,20260729,10,1,14,1045,9071,8,0.441,2,10,2,21.77,129,103,14,12.70,416.7,1970,0,0,3168,31.7,0.782,73.4,8,4.75
pm63,0,legacy,,20260729,11,0,51,1150,58420,24,0.969,13,31,7,128.37,827,642,51,71.97,455.1,9570,2,4,97380,973.8,0.957,1720.7,24,5.40
pm63,0,legacy,,20260729,12,0,56,1265,69575,24,0.951,18,32,6,151.00,976,738,56,84.67,460.8,10820,4,4,126540,1265.4,0.966,2236.3,24,5.08
pm63,0,legacy,,20260729,13,0,61,1392,82963,24,0.879,5,36,20,169.92,1103,877,61,95.25,488.3,12780,2,5,155640,1556.4,0.970,2745.8,24,5.05
pm63,0,legacy,,20260729,14,0,67,1531,100127,24,0.857,11,29,27,210.33,1367,1065,67,118.53,476.0,15160,4,6,202860,2028.6,0.980,3578.6,24,4.15
pm63,0,legacy,,20260729,15,1,18,1684,18793,8,0.218,0,11,7,37.63,240,196,18,21.17,499.4,3020,1,1,8136,81.4,0.922,194.6,8,2.48
pm63,0,legacy,,20260729,16,0,78,1852,141122,24,0.750,8,33,37,289.25,1886,1485,78,162.98,487.9,19990,3,9,305580,3055.8,0.981,5371.2,24,2.97
pm63,0,legacy,,20260729,17,0,83,2037,167034,24,0.715,0,27,56,347.80,2297,1751,83,194.73,480.3,22940,4,11,381960,3819.6,0.989,6727.9,24,3.97
pm63,0,legacy,,20260729,18,0,89,2241,195863,24,0.669,0,35,54,392.13,2586,2033,89,220.13,499.5,26180,4,12,437940,4379.4,0.992,7716.9,24,3.23
pm63,0,legacy,,20260729,19,1,21,2465,32094,8,0.199,0,6,15,67.32,434,332,21,38.10,476.8,4810,0,2,16956,169.6,0.964,405.1,8,2.40
pm63,0,legacy,,20260729,20,0,101,2712,271742,24,0.609,0,36,65,543.85,3584,2810,101,306.92,499.7,34910,3,17,629820,6298.2,0.994,11127.9,24,3.20
pm63,0,legacy,,20260729,21,0,107,2983,312618,24,0.537,0,24,83,635.93,4221,3273,107,357.72,491.6,39440,4,20,745560,7455.6,0.995,13175.7,24,3.10
pm63,0,legacy,,20260729,22,0,113,3281,360910,24,0.487,0,24,89,725.73,4818,3778,113,408.52,497.3,44790,4,24,858060,8580.6,0.995,15181.8,24,3.53
pm63,0,legacy,,20260729,23,1,25,3609,55940,8,0.210,0,2,23,115.75,756,584,25,65.62,483.3,7610,1,3,31608,316.1,0.978,755.5,8,2.58
pm63,0,legacy,,20260729,24,0,125,3970,486722,24,0.405,0,29,96,978.65,6501,5060,125,552.45,497.3,58730,4,32,1184700,11847.0,0.997,20991.0,24,3.17
pm63,0,legacy,,20260729,25,0,131,4367,561596,24,0.367,0,25,106,1120.95,7459,5820,131,632.88,501.0,66550,4,37,1364100,13641.0,0.997,24171.4,24,3.32
m1911,0,fixed,,20260729,1,0,6,150,900,24,1.379,6,0,0,9.17,18,15,6,6.07,98.2,570,0,0,0,0.0,0.000,0.0,2,-1.00
m1911,0,fixed,,20260729,2,0,10,250,2500,24,1.375,10,0,0,17.15,52,38,10,10.62,145.8,1040,1,0,0,0.0,0.000,0.0,3,-1.00
m1911,0,fixed,,20260729,3,0,14,350,4900,24,1.323,14,0,0,31.03,90,73,14,19.72,157.9,1590,1,1,1260,12.6,0.456,20.2,6,16.35
m1911,0,fixed,,20260729,4,0,18,450,8100,24,1.324,18,0,0,44.88,138,111,18,27.30,180.5,2370,2,1,5760,57.6,0.680,99.8,9,13.82
m1911,0,fixed,,20260729,5,1,9,550,3069,8,0.700,6,3,0,19.97,62,48,9,12.13,153.7,970,0,0,1692,16.9,0.763,38.6,7,4.42
m1911,0,fixed,,20260729,6,0,27,650,17290,24,1.197,18,9,0,103.12,320,243,27,62.18,167.7,4340,2,3,46020,460.2,0.939,812.7,19,4.13
m1911,0,fixed,,20260729,7,0,31,750,22200,24,1.129,17,14,0,130.70,404,317,31,78.87,169.9,5160,3,5,78720,787.2,0.933,1387.4,23,4.33
m1911,0,fixed,,20260729,8,0,36,850,30090,24,1.113,26,10,0,182.18,568,431,36,109.20,165.2,6590,4,7,133080,1330.8,0.966,2352.0,24,4.15
m1911,0,fixed,,20260729,9,0,41,950,38000,24,1.093,15,26,0,220.17,687,541,41,131.95,172.6,8020,2,8,179640,1796.4,0.974,3170.7,24,5.65
m1911,0,fixed,,20260729,10,1,14,1045,9071,8,0.441,2,10,2,53.05,166,126,14,31.85,171.0,2120,1,1,11124,111.2,0.919,264.5,8,4.30
m1911,0,fixed,,20260729,11,0,51,1150,58420,24,0.969,13,31,7,342.03,1068,811,51,204.75,170.8,11460,2,13,329580,3295.8,0.987,5801.8,24,4.28
m1911,0,fixed,,20260729,12,0,56,1265,69575,24,0.951,18,32,6,386.20,1210,952,56,230.53,180.2,13280,4,15,388200,3882.0,0.989,6840.1,24,4.22
m1911,0,fixed,,20260729,13,0,61,1392,82963,24,0.879,5,36,20,457.40,1434,1125,61,273.00,181.4,15340,2,17,475620,4756.2,0.989,8391.9,24,5.05
m1911,0,fixed,,20260729,14,0,67,1531,100127,24,0.857,11,29,27,556.30,1743,1377,67,332.15,180.0,17880,4,21,593100,5931.0,0.993,10477.5,24,4.15
m1911,0,fixed,,20260729,15,1,18,1684,18793,8,0.218,0,11,7,108.47,337,267,18,65.22,173.3,3850,1,4,27900,279.0,0.977,667.9,8,2.48
m1911,0,fixed,,20260729,16,0,78,1852,141122,24,0.750,8,33,37,802.80,2515,1930,78,479.27,175.8,24360,4,31,899520,8995.2,0.996,15922.1,24,2.97
m1911,0,fixed,,20260729,17,0,83,2037,167034,24,0.715,0,27,56,926.07,2906,2257,83,552.07,180.4,28160,3,36,1052280,10522.8,0.996,18640.9,24,3.97
m1911,0,fixed,,20260729,18,0,89,2241,195863,24,0.669,0,35,54,1066.22,3347,2637,89,635.48,183.7,32020,4,41,1228980,12289.8,0.997,21779.3,24,3.23
m1911,0,fixed,,20260729,19,1,21,2465,32094,8,0.199,0,6,15,184.87,577,449,21,110.72,173.6,5860,1,7,49428,494.3,0.987,1179.8,8,2.40
m1911,0,fixed,,20260729,20,0,101,2712,271742,24,0.609,0,36,65,1519.68,4772,3705,101,905.45,178.8,43500,2,59,1807740,18077.4,0.998,32062.3,24,3.20
m1911,0,fixed,,20260729,21,0,107,2983,312618,24,0.537,0,24,83,1741.15,5467,4250,107,1037.40,179.5,49370,4,68,2070360,20703.6,0.998,36734.3,24,3.10
m1911,0,fixed,,20260729,22,0,113,3281,360910,24,0.487,0,24,89,1984.97,6231,4873,113,1183.00,181.8,55860,4,77,2383860,23838.6,0.998,42301.2,24,3.53
m1911,0,fixed,,20260729,23,1,25,3609,55940,8,0.210,0,2,23,311.92,975,767,25,186.55,179.3,9320,0,12,88164,881.6,0.992,2099.5,8,2.58
m1911,0,fixed,,20260729,24,0,125,3970,486722,24,0.405,0,29,96,2715.90,8527,6609,125,1618.28,179.2,74460,4,106,3310980,33109.8,0.999,58631.0,24,3.17
m1911,0,fixed,,20260729,25,0,131,4367,561596,24,0.367,0,25,106,3090.32,9703,7583,131,1841.23,181.7,84460,4,121,3811140,38111.4,0.999,67381.9,24,3.32
m1911,0,legacy,,20260729,1,0,6,150,900,24,1.379,6,0,0,9.22,18,15,6,6.07,97.6,570,0,0,0,0.0,0.000,0.0,2,-1.00
m1911,0,legacy,,20260729,2,0,10,250,2500,24,1.375,10,0,0,17.37,52,38,10,10.62,144.0,1040,1,0,0,0.0,0.000,0.0,3,-1.00
m1911,0,legacy,,20260729,3,0,14,350,4900,24,1.323,14,0,0,31.42,90,73,14,19.72,156.0,1590,1,1,1320,13.2,0.470,22.3,6,16.35
m1911,0,legacy,,20260729,4,0,18,450,8100,24,1.324,18,0,0,45.45,138,111,18,27.30,178.2,2370,2,1,6060,60.6,0.688,104.8,9,13.82
m1911,0,legacy,,20260729,5,1,9,550,3069,8,0.700,6,3,0,20.23,62,48,9,12.13,151.7,970,0,0,1764,17.6,0.771,39.8,7,4.42
m1911,0,legacy,,20260729,6,0,27,650,17290,24,1.197,18,9,0,104.48,320,243,27,62.18,165.5,4340,2,3,46980,469.8,0.943,831.0,19,4.13
m1911,0,legacy,,20260729,7,0,31,750,22200,24,1.129,17,14,0,132.43,404,317,31,78.87,167.6,5160,3,5,79860,798.6,0.934,1415.0,23,4.33
m1911,0,legacy,,20260729,8,0,36,850,30090,24,1.113,26,10,0,184.65,568,431,36,109.20,163.0,6590,4,7,135600,1356.0,0.967,2393.5,24,4.15
m1911,0,legacy,,20260729,9,0,41,950,38000,24,1.093,15,26,0,223.15,687,541,41,131.95,170.3,8020,2,8,182640,1826.4,0.975,3223.1,24,5.65
m1911,0,legacy,,20260729,10,1,14,1045,9071,8,0.441,2,10,2,53.75,166,126,14,31.85,168.8,2120,1,1,11304,113.0,0.920,268.7,8,4.30
m1911,0,legacy,,20260729,11,0,51,1150,58420,24,0.969,13,31,7,346.67,1068,811,51,204.75,168.5,11460,2,13,334620,3346.2,0.988,5888.2,24,4.28
m1911,0,legacy,,20260729,12,0,56,1265,69575,24,0.951,18,32,6,391.48,1210,952,56,230.53,177.7,13280,4,15,393900,3939.0,0.989,6941.9,24,4.22
m1911,0,legacy,,20260729,13,0,61,1392,82963,24,0.879,5,36,20,463.65,1434,1125,61,273.00,178.9,15340,2,17,482460,4824.6,0.989,8513.8,24,5.05
m1911,0,legacy,,20260729,14,0,67,1531,100127,24,0.857,11,29,27,563.90,1743,1377,67,332.15,177.6,17880,4,21,601440,6014.4,0.993,10627.5,24,4.15
m1911,0,legacy,,20260729,15,1,18,1684,18793,8,0.218,0,11,7,109.92,337,267,18,65.22,171.0,3850,1,4,28224,282.2,0.977,677.2,8,2.48
m1911,0,legacy,,20260729,16,0,78,1852,141122,24,0.750,8,33,37,813.77,2515,1930,78,479.27,173.4,24360,4,31,912120,9121.2,0.996,16146.4,24,2.97
m1911,0,legacy,,20260729,17,0,83,2037,167034,24,0.715,0,27,56,938.77,2906,2257,83,552.07,177.9,28160,3,36,1067160,10671.6,0.996,18902.2,24,3.97
m1911,0,legacy,,20260729,18,0,89,2241,195863,24,0.669,0,35,54,1080.83,3347,2637,89,635.48,181.2,32020,4,41,1246560,12465.6,0.997,22083.9,24,3.23
m1911,0,legacy,,20260729,19,1,21,2465,32094,8,0.199,0,6,15,187.37,577,449,21,110.72,171.3,5860,1,7,50076,500.8,0.987,1196.2,8,2.40
m1911,0,legacy,,20260729,20,0,101,2712,271742,24,0.609,0,36,65,1540.55,4772,3705,101,905.45,176.4,43500,2,59,1832640,18326.4,0.998,32508.7,24,3.20
m1911,0,legacy,,20260729,21,0,107,2983,312618,24,0.537,0,24,83,1765.05,5467,4250,107,1037.40,177.1,49370,4,68,2099160,20991.6,0.998,37244.0,24,3.10
m1911,0,legacy,,20260729,22,0,113,3281,360910,24,0.487,0,24,89,2012.20,6231,4873,113,1183.00,179.4,55860,4,77,2416860,24168.6,0.998,42887.0,24,3.53
m1911,0,legacy,,20260729,23,1,25,3609,55940,8,0.210,0,2,23,316.15,975,767,25,186.55,176.9,9320,0,12,89424,894.2,0.992,2128.6,8,2.58
m1911,0,legacy,,20260729,24,0,125,3970,486722,24,0.405,0,29,96,2753.18,8527,6609,125,1618.28,176.8,74460,4,106,3357360,33573.6,0.999,59441.6,24,3.17
m1911,0,legacy,,20260729,25,0,131,4367,561596,24,0.367,0,25,106,3132.73,9703,7583,131,1841.23,179.3,84460,4,121,3864420,38644.2,0.999,68312.8,24,3.32
